{"cameraMode":{"drawMode":0,"name":"Shaded","section":"Shading Mode"},"sceneLighting":false,"audioPlay":false,"sceneViewState":{"showFog":true,"showMaterialUpdate":false,"showSkybox":false,"showFlares":true,"showImageEffects":true,"showParticleSystems":true},"in2DMode":false,"pivot":{"x":-22.73007583618164,"y":-35.38997268676758,"z":72.16226959228516},"rotation":{"x":0.20691613852977754,"y":-0.5417761206626892,"z":0.13970917463302613,"w":0.802632212638855},"size":58.35963821411133,"orthographic":false}