{"cameraMode":{"drawMode":0,"name":"Shaded","section":"Shading Mode"},"sceneLighting":false,"audioPlay":false,"sceneViewState":{"showFog":true,"showMaterialUpdate":false,"showSkybox":false,"showFlares":true,"showImageEffects":true,"showParticleSystems":true},"in2DMode":false,"pivot":{"x":-2.904676914215088,"y":5.389971733093262,"z":-6.952984809875488},"rotation":{"x":0.3947295546531677,"y":-0.06445450335741043,"z":0.027820676565170289,"w":0.9161455631256104},"size":2.8578836917877199,"orthographic":false}