{"cameraMode":{"drawMode":0,"name":"Shaded","section":"Shading Mode"},"sceneLighting":false,"audioPlay":false,"sceneViewState":{"showFog":true,"showMaterialUpdate":false,"showSkybox":false,"showFlares":true,"showImageEffects":true,"showParticleSystems":true},"in2DMode":false,"pivot":{"x":56.200172424316409,"y":1.000000238418579,"z":56.755306243896487},"rotation":{"x":0.01800547167658806,"y":-0.2925434112548828,"z":-0.0056373863480985168,"w":-0.956127941608429},"size":4.394371509552002,"orthographic":false}