{"cameraMode":{"drawMode":0,"name":"Shaded","section":"Shading Mode"},"sceneLighting":false,"audioPlay":false,"sceneViewState":{"showFog":true,"showMaterialUpdate":false,"showSkybox":false,"showFlares":true,"showImageEffects":true,"showParticleSystems":true},"in2DMode":false,"pivot":{"x":-0.7657107710838318,"y":2.3271961212158205,"z":2.877932071685791},"rotation":{"x":0.03922906890511513,"y":0.9542596936225891,"z":-0.14453724026679994,"w":0.2589201331138611},"size":4.041658401489258,"orthographic":false}