{"cameraMode":{"drawMode":0,"name":"Shaded","section":"Shading Mode"},"sceneLighting":false,"audioPlay":false,"sceneViewState":{"showFog":true,"showMaterialUpdate":false,"showSkybox":false,"showFlares":true,"showImageEffects":true,"showParticleSystems":true},"in2DMode":false,"pivot":{"x":0.2033696323633194,"y":3.2794337272644045,"z":-0.06567788869142533},"rotation":{"x":-0.09278296679258347,"y":0.12222501635551453,"z":-0.011573395691812039,"w":-0.9881467223167419},"size":4.041658401489258,"orthographic":false}