{"cameraMode":{"drawMode":0,"name":"Shaded","section":"Shading Mode"},"sceneLighting":false,"audioPlay":false,"sceneViewState":{"showFog":true,"showMaterialUpdate":false,"showSkybox":false,"showFlares":true,"showImageEffects":true,"showParticleSystems":true},"in2DMode":false,"pivot":{"x":-2.093229293823242,"y":1.873633623123169,"z":2.5726513862609865},"rotation":{"x":0.0177247766405344,"y":0.9744758009910584,"z":-0.2080332189798355,"w":0.08298300951719284},"size":4.041658401489258,"orthographic":false}