{"cameraMode":{"drawMode":0,"name":"Shaded","section":"Shading Mode"},"sceneLighting":false,"audioPlay":false,"sceneViewState":{"showFog":true,"showMaterialUpdate":false,"showSkybox":false,"showFlares":true,"showImageEffects":true,"showParticleSystems":true},"in2DMode":false,"pivot":{"x":-0.021281003952026368,"y":0.19147741794586183,"z":-0.5118436813354492},"rotation":{"x":0.17340801656246186,"y":0.011223522014915944,"z":-0.0019764516036957504,"w":0.9847885370254517},"size":8.76817512512207,"orthographic":false}